Season,Episode,Name
1,1,Pilot
1,2,Canvassing
1,3,The Reporter
1,4,Boys' Club
1,5,The Banquet
1,6,Rock Show
2,1,Pawnee Zoo
2,2,The Stakeout
2,3,Beauty Pageant
2,4,Practice Date
2,5,Sister City
2,6,Kaboom
2,7,Greg Pikitis
2,8,Ron and Tammy
2,9,The Camel
2,10,Hunting Trip
2,11,Tom's Divorce
2,12,Christmas Scandal
2,13,The Set Up
2,14,Leslie's House
2,15,Sweetums
2,16,Galentine's Day
2,17,Woman of the Year
2,18,The Possum
2,19,Park Safety
2,20,Summer Catalog
2,21,94 Meetings
2,22,Telethon
2,23,The Master Plan
2,24,Freddy Spaghetti
3,1,Go Big or Go Home
3,2,Flu Season
3,3,Time Capsule
3,4,Ron & Tammy: Part Two
3,5,Media Blitz
3,6,Indianapolis
3,7,Harvest Festival
3,8,Camping
3,9,Andy and April's Fancy Party
3,10,Soulmates
3,11,Jerry's Painting
3,12,Eagleton
3,13,The Fight
3,14,Road Trip
3,15,The Bubble
3,16,Li'l Sebastian
4,1,I'm Leslie Knope 
4,2,Ron and Tammys 
4,3,Born & Raised 
4,4,Pawnee Rangers 
4,5,Meet n Greet 
4,6,End of the World
4,7,The Treaty 
4,8,Smallest Park 
4,9,The Trial of Leslie Knope 
4,10,Citizen Knope 
4,11,The Comeback Kid 
4,12,Campaign Ad
4,13,Bowling for Votes
4,14,Operation Ann 
4,15,Dave Returns
4,16,Sweet Sixteen
4,17,Campaign Shake-Up 
4,18,Lucky
4,19,Live Ammo 
4,20,The Debate
4,21,Bus Tour
4,22,Win, Lose, or Draw
5,1,Ms. Knope Goes to Washington 
5,2,Soda Tax
5,3,How a Bill Becomes a Law
5,4,Sex Education
5,5,Halloween Surprise
5,6,Ben's Parents
5,7,Leslie vs. April
5,8,Pawnee Commons
5,9,Ron and Diane
5,10,Two Parties
5,11,Women in Garbage
5,12,Ann's Decision
5,13,Emergency Response
5,14,Leslie and Ben
5,15,Correspondents' Lunch
5,16,Bailout
5,17,Partridge
5,18,Animal Control
5,19,Article Two
5,20,Jerry's Retirement
5,22,Are You Better Off?
6,1,London
6,3,The Pawnee-Eagleton Tip Off Classic
6,4,Doppelg√§ngers
6,5,Gin It Up!
6,6,Filibuster
6,7,Recall Vote
6,8,Fluoride
6,9,The Cones of Dunshire
6,10,Second Chunce
6,11,New Beginnings
6,13,Ann and Chris
6,14,Anniversaries
6,15,The Wall
6,16,New Slogan
6,17,Galentine's Day
6,18,Prom
6,19,Flu Season 2
6,20,One in 8,000
6,21,Moving Up
7,1,2017
7,2,Ron and Jammy
7,3,William Henry Harrison
7,4,Leslie and Ron
7,5,Gryzzlbox
7,6,Save JJ's
7,7,Donna and Joe
7,8,Ms. Ludgate-Dwyer Goes to Washington
7,9,Pie-Mary
7,10,The Johnny Karate Super Awesome Musical Explosion Show
7,11,Two Funerals
7,12,One Last Ride